store_name,store_number,zip_code,county_number,category,vendor_number,item_number,pack,bottle_volume_ml,state_bottle_cost,state_bottle_retail,bottles_sold,sale_dollars,volume_sold_liters,volume_sold_gallons,percent_sales
Bootleggin' Barzini's Fin,3869,52241.0,52,1062100,35,43034,24,375,4.5,6.75,1,6.75,0.37,0.09,0.011017497745085463
Burlington Shell,4898,52601.0,29,1052100,420,48099,24,200,5.74,8.61,24,206.64,4.8,1.27,0.3372823309695496
CVS Pharmacy #8526 / Cedar Rapids,2843,52402.0,57,1062100,434,45246,12,750,4.0,6.0,7,42.0,5.25,1.38,0.06855331930275399
Cedar Ridge Vineyards,9001,52338.0,52,1012210,125,27357,6,750,27.5,41.25,90,3712.5,67.5,17.83,6.059623759797004
Central City 2,14487,150942.0,231,3215000,1288,220608,36,2750,23.83,35.75,300,2580.6,285.0,75.28999999999999,4.212111804587784
Depot Liquor & Grocery,5416,50158.0,64,1081100,370,67528,6,1750,24.99,37.49,3,112.47,5.25,1.38,0.18357599576144623
Double D Liquor Store,2178,52172.0,3,1081100,370,67524,24,375,6.49,9.74,1,9.74,0.37,0.09,0.015897841190686282
East Side Liquor and Groceries,5166,50158.0,64,1052100,420,48099,24,200,5.74,8.61,24,206.64,4.8,1.27,0.3372823309695496
Famous Liquors,5003,52804.0,82,1092100,370,48690,24,200,5.99,8.99,2,17.98,0.4,0.11,0.02934734954913135
Fareway Stores #067 / Evansdale,4153,50707.0,7,1012300,370,15626,12,750,14.99,22.49,60,1349.4,45.0,11.89,2.202520215884196
Fareway Stores #138 / Pleasant Hill,4971,50327.0,77,1062100,35,43040,6,1750,15.0,22.5,102,2295.0,178.5,47.15,3.7459492333290574
Fareway Stores #153  /  W Des Moines,5146,50265.0,77,1081100,370,67526,12,750,12.49,18.74,72,1349.28,54.0,14.26,2.202324349257617
Fareway Stores #409 / Carroll,4158,51401.0,14,1041300,434,33717,12,1000,5.42,8.13,4,32.52,4.0,1.06,0.053079855802989524
Fareway Stores #412 / Oelwein,4156,50662.0,33,1091300,346,86739,8,300,8.75,13.13,8,105.04,2.4,0.63,0.17144858713241143
Fareway Stores #597 / Creston,4291,50801.0,88,1062100,35,43037,12,1000,9.5,14.25,5,71.25,5.0,1.32,0.11629580953145767
Fareway Stores #983 / Grimes,4136,50111.0,77,1091100,154,77805,12,750,8.0,12.0,108,1296.0,81.0,21.39,2.1153595670564087
Food Land Super Markets,4152,51555.0,43,1062100,434,45247,12,1000,4.42,6.63,2,13.26,2.0,0.52,0.02164326223701233
Hilltop Grocery,4962,52803.0,82,1091200,434,41844,24,375,4.2,6.3,3,18.9,1.12,0.29,0.030848993686239296
Hy-Vee #3 / BDI / Des Moines,7899,150960.0,231,3185600,1042,1977691,30,2750,33.26,49.900000000000006,258,4124.04,241.5,63.79,6.731348355650704
Hy-Vee #7 / Cedar Rapids,2647,52411.0,57,1091200,434,41846,12,750,9.0,13.5,36,486.0,27.0,7.13,0.7932598376461533
Hy-Vee / Waukee,2665,50263.0,25,1701100,192,3135,12,750,12.05,18.08,84,1518.72,63.0,16.64,2.478888025987584
Hy-Vee Drugstore / Council Bluffs,2641,51501.0,78,1081380,55,81124,10,600,5.94,8.91,2,17.82,1.2,0.32,0.02908619404702562
Hy-Vee Food Store #1 / Mason City,5030,100802.0,34,2182600,692,1073688,14,800,18.75,28.130000000000003,66,900.24,15.9,4.19,1.469391432597887
Hy-Vee Food Store #2 / Waterloo,5142,101406.0,14,2763200,100,43202,30,1125,11.85,17.78,181,1992.15,135.37,35.75,3.251630834499556
Hy-Vee Food Store #3 / Waterloo,2538,50702.0,7,1901200,259,917914,3,750,29.92,44.88,18,807.84,13.5,3.57,1.3185741301318281
Hy-Vee Food Store / Carroll,5186,102802.0,28,2073700,100,70220,18,1250,29.16,43.74,30,737.46,19.5,5.140000000000001,1.2036983536430705
Hy-Vee Food Store / Coralville,2670,52241.0,52,1092100,353,65750,12,1000,7.0,10.5,48,504.0,48.0,12.68,0.8226398316330479
Hy-Vee Food Store / Fairfield,2601,52556.0,51,1081500,434,86251,12,1000,2.42,3.63,6,21.78,6.0,1.58,0.03554979272414243
Hy-Vee Food Store / Fort Dodge,2562,50501.0,94,1031100,301,38176,12,750,9.65,14.48,108,1563.84,81.0,21.4,2.5525338775814
Hy-Vee Food Store / Johnston,2587,50131.0,77,1031100,421,38089,48,100,0.89,1.34,48,64.32,4.8,1.27,0.10498451184650325
Hy-Vee Food Store / Marshalltown,2544,50158.0,64,1081100,65,67557,12,1000,8.39,12.59,6,75.54,6.0,1.58,0.12329804143166755
Hy-Vee Food and Drug / Clinton,2616,52732.0,23,1062100,434,45248,6,1750,7.84,11.76,24,282.24,42.0,11.1,0.4606783057145068
Hy-Vee Wine and Spirits / Atlantic,2591,50022.0,15,1081500,434,86507,12,1000,3.84,5.76,4,23.04,4.0,1.06,0.037606392303225045
Hy-Vee Wine and Spirits / Hubbell,2636,50317.0,77,1051140,115,56193,24,200,1.96,2.94,24,70.56,4.8,1.27,0.1151695764286267
Hy-Vee Wine and Spirits / Iowa City,5024,104480.0,104,2093000,689,113353,18,1750,20.509999999999998,30.77,78,706.3199999999999,73.5,19.419999999999998,1.1528709640457426
Hy-Vee Wine and Spirits / Spirit Lake,2522,51360.0,30,1092100,421,77487,12,1000,4.51,6.77,48,324.96,48.0,12.68,0.5304068247767366
Hy-Vee Wine and Spirits / Storm Lake,2576,50588.0,11,1081340,380,84617,12,1000,5.5,8.25,4,33.0,4.0,1.06,0.05386332230930671
Hy-Vee Wine and Spirits / WDM,2619,50266.0,77,1701100,370,250,6,750,24.98,37.47,90,3372.3,67.5,17.83,5.504341873444697
Hy-Vee Wine and Spirits / Waterloo,2643,50701.0,7,1081500,65,86112,12,1000,2.33,3.5,2,7.0,2.0,0.52,0.011425553217125666
I-80 Liquor / Council Bluffs,4312,51501.0,78,1081500,434,86251,12,1000,2.42,3.63,48,174.24,48.0,12.68,0.28439834179313944
"Iowa Street Market, Inc.",4167,52001.0,31,1081100,65,67557,12,1000,8.39,12.59,4,50.36,4.0,1.06,0.08219869428777836
Liquor Locker,3705,51246.0,60,1081350,434,82187,12,1000,5.0,7.5,5,37.5,5.0,1.32,0.06120832080603035
Logan Convenience Store,5063,50703.0,7,1031100,255,37880,24,200,1.76,2.64,24,63.36,4.8,1.27,0.10341757883386889
Nash Finch / Wholesale Food,3162,52761.0,70,1081330,65,82847,12,1000,7.62,11.43,4,45.72,4.0,1.06,0.0746251847267122
New Star Liquor / W 4th S / Waterloo,7986,101402.0,14,2124200,70,86065,36,425,10.04,15.06,11,80.49000000000001,2.8200000000000003,0.74,0.13137753977806355
Osage Payless Foods,4559,50461.0,66,1031100,297,35918,6,1750,7.2,10.8,30,324.0,52.5,13.87,0.5288398917641022
Pump N Pak,5446,51247.0,84,1081500,65,86112,12,1000,2.33,3.5,6,21.0,6.0,1.58,0.034276659651376995
Quicker Liquor Store,3549,52627.0,56,1081100,421,67586,12,750,5.72,8.58,36,237.24,27.0,7.13,0.3872283207472704
Quik Stop  /  Burlington,5204,52601.0,29,1031100,297,35913,48,200,1.13,1.7,48,81.6,9.6,2.54,0.13318930607392204
"Ray's Supermarket, Inc.",5113,50703.0,7,1052100,420,48099,24,200,5.74,8.61,24,206.64,4.8,1.27,0.3372823309695496
Sam's Club 6432 / Sioux City,10341,153318.0,291,3243600,1225,221364,36,2750,22.46,33.7,468,6641.040000000001,447.0,118.08,10.839650848151463
Sam's Club 6514 / Waterloo,3494,50702.0,7,1081700,421,77487,12,1000,4.51,6.77,768,5199.36,768.0,202.88,8.486509196427786
Sam's Club 6568 / Ames,3524,50010.0,85,1901200,421,946574,6,1750,9.06,13.59,288,3913.92,504.0,133.14,6.388385892510355
Sam's Club 8162 / Cedar Rapids,3385,52402.0,57,1081500,55,86390,12,1000,2.13,3.2,216,691.2,216.0,57.06,1.1281917690967516
Shop N Save #1 / Mlk Pkwy,7544,100628.0,154,2103240,504,105375,48,300,5.2,7.800000000000001,48,187.2,7.199999999999999,1.9,0.3055519374637035
Sid's Beverage Shop,2465,52003.0,31,1062100,35,43031,12,500,5.54,8.31,5,41.55,2.5,0.66,0.06781881945308162
Speedy Gas N Shop,4867,51501.0,78,1081100,370,67524,24,375,6.49,9.74,7,68.18,2.62,0.69,0.11128488833480399
Tequila's Liquor Store,4057,50316.0,77,1052100,420,48099,24,200,5.74,8.61,48,413.28,9.6,2.54,0.6745646619390993
The Ox & Wren Spirits and Gifts,5244,52136.0,45,1031000,297,35917,12,1000,4.17,6.26,2,75.12,2.0,0.52,0.12261250823864
Tobacco Hut #14 / Council Bluffs,3963,51501.0,78,1062100,35,43031,12,500,5.54,8.31,4,33.24,2.0,0.52,0.0542550555624653
Wilkie Liquors,10204,104628.0,114,2173800,868,150174,24,2000,9.92,14.879999999999999,1560,11620.8,1560.0,412.1,18.96772411793913
